<?xml version="1.0" encoding="UTF-8"?>
<project-private xmlns="http://www.netbeans.org/ns/project-private/1">
    <editor-bookmarks xmlns="http://www.netbeans.org/ns/editor-bookmarks/2" lastBookmarkId="0"/>
    <open-files xmlns="http://www.netbeans.org/ns/projectui-open-files/2">
        <group>
            <file>file:/media/adil/WinC/Users/CFT/MPLABXProjects/Timers/OneSencondTimer-Timer2.X/main.h</file>
            <file>file:/media/adil/WinC/Users/CFT/MPLABXProjects/Timers/OneSencondTimer-Timer2.X/timers.h</file>
            <file>file:/media/adil/WinC/Users/CFT/MPLABXProjects/Timers/OneSencondTimer-Timer2.X/isr.c</file>
            <file>file:/media/adil/WinC/Users/CFT/MPLABXProjects/Timers/OneSencondTimer-Timer2.X/main.c</file>
            <file>file:/media/adil/WinC/Users/CFT/MPLABXProjects/Timers/OneSencondTimer-Timer2.X/timers.c</file>
        </group>
    </open-files>
</project-private>
